﻿designator,quantity,value,pack,mpn,mount_type
"C1, C5, C6",3,10u,C_0603_1608Metric,,smt
"C10, C9",2,100n,C_0402_1005Metric,,smt
"C2, C4",2,100n,C_0603_1608Metric,,smt
C3,1,10n,C_0603_1608Metric,,smt
"C7, C8",2,1u,C_0402_1005Metric,,smt
D1,1,LESD5D5.0CT1G,D_SOD-523,,smt
D3,1,XL-1608SURC-06,LED_0603_1608Metric,,smt
D4,1,NCD0603C4,LED_0603_1608Metric,,smt
F1,1,SMD0805P075TF,Fuse_0805_2012Metric,,smt
FB1,1,MMZ1608B601CTAH0,L_0603_1608Metric,,smt
"H1, H2, H3, H4",4,MountingHole,MountingHole_3.2mm_M3,,tht
J1,1,TYPEC-304-ACP16,USB-C-SMD_TYPE-C-16P-1,,smt
"J2, J3, J4",3, SM04B-SRSS-TB(LF)(SN),JST_SH_SM04B-SRSS-TB_1x04-1MP_P1.00mm_Horizontal,,smt
"R1, R2, R3",3,5K1,R_0402_1005Metric,,smt
"R10, R11, R12, R13, R4, R5, R8, R9",8,10K,R_0402_1005Metric,,smt
"R6, R7",2,1K,R_0603_1608Metric,,smt
"SW1, SW2",2,TD-1183SA-1.5H-250,KEY-SMD_L3.0-W2.5-LS4.0,,smt
TP1,1,VBUSIN,TestPoint_Pad_D1.0mm,,tht
TP2,1,VBUS,TestPoint_Pad_D1.0mm,,tht
TP3,1,+3V3,TestPoint_Pad_D1.0mm,,tht
U1,1,USBLC6-2P6,SOT-666,,smt
U2,1,ESP32-S3-WROOM-1,ESP32-S3-WROOM-1,,smt
U3,1,XC6220B331MR-G,SOT-23-5,,smt
U4,1,BME680,Bosch_LGA-8_3x3mm_P0.8mm_ClockwisePinNumbering,,smt
