﻿pos_x,pos_y,rotation,side,designator,mpn,pack,value,mount_type,place
134.39,-91.07,180.0,top,C1,,C_0603_1608Metric,10u,smt,True
150.46,-60.12,90.0,top,C10,,C_0402_1005Metric,100n,smt,True
134.39,-92.59,180.0,top,C2,,C_0603_1608Metric,100n,smt,True
145.6475,-108.1876,180.0,top,C3,,C_0603_1608Metric,10n,smt,True
145.18,-105.925,-90.0,top,C4,,C_0603_1608Metric,100n,smt,True
143.59,-98.735,90.0,top,C5,,C_0603_1608Metric,10u,smt,True
145.86,-97.99,180.0,top,C6,,C_0603_1608Metric,10u,smt,True
150.21,-69.4,90.0,top,C7,,C_0402_1005Metric,1u,smt,True
137.84,-90.8,0.0,top,C8,,C_0402_1005Metric,1u,smt,True
145.47,-61.59,180.0,top,C9,,C_0402_1005Metric,100n,smt,True
145.8725,-109.6776,0.0,top,D1,,D_SOD-523,LESD5D5.0CT1G,smt,True
153.94,-104.3025,-90.0,top,D3,,LED_0603_1608Metric,XL-1608SURC-06,smt,True
155.6775,-104.3025,-90.0,top,D4,,LED_0603_1608Metric,NCD0603C4,smt,True
146.11,-103.42,180.0,top,F1,,Fuse_0805_2012Metric,SMD0805P075TF,smt,True
146.69,-105.92,90.0,top,FB1,,L_0603_1608Metric,MMZ1608B601CTAH0,smt,True
137.16,-63.5,0.0,top,H1,,MountingHole_3.2mm_M3,MountingHole,tht,True
160.02,-63.5,0.0,top,H2,,MountingHole_3.2mm_M3,MountingHole,tht,True
160.02,-114.3,0.0,top,H3,,MountingHole_3.2mm_M3,MountingHole,tht,True
137.16,-114.3,0.0,top,H4,,MountingHole_3.2mm_M3,MountingHole,tht,True
149.08,-113.875,0.0,top,J1,,USB-C-SMD_TYPE-C-16P-1,TYPEC-304-ACP16,smt,True
161.66,-74.475,90.0,top,J2,,JST_SH_SM04B-SRSS-TB_1x04-1MP_P1.00mm_Horizontal, SM04B-SRSS-TB(LF)(SN),smt,True
161.66,-90.2,90.0,top,J3,,JST_SH_SM04B-SRSS-TB_1x04-1MP_P1.00mm_Horizontal, SM04B-SRSS-TB(LF)(SN),smt,True
161.66,-82.34,90.0,top,J4,,JST_SH_SM04B-SRSS-TB_1x04-1MP_P1.00mm_Horizontal, SM04B-SRSS-TB(LF)(SN),smt,True
147.65,-109.44,90.0,top,R1,,R_0402_1005Metric,5K1,smt,True
148.2,-69.83,180.0,top,R10,,R_0402_1005Metric,10K,smt,True
145.91,-69.83,180.0,top,R11,,R_0402_1005Metric,10K,smt,True
153.36,-82.82,90.0,top,R12,,R_0402_1005Metric,10K,smt,True
153.36,-80.53,90.0,top,R13,,R_0402_1005Metric,10K,smt,True
151.64,-109.91,0.0,top,R2,,R_0402_1005Metric,5K1,smt,True
143.85,-101.2,-90.0,top,R3,,R_0402_1005Metric,5K1,smt,True
151.66,-69.84,180.0,top,R4,,R_0402_1005Metric,10K,smt,True
136.4,-91.27,90.0,top,R5,,R_0402_1005Metric,10K,smt,True
153.94,-101.245,90.0,top,R6,,R_0603_1608Metric,1K,smt,True
155.675,-101.24,90.0,top,R7,,R_0603_1608Metric,1K,smt,True
145.91,-60.14,-90.0,top,R8,,R_0402_1005Metric,10K,smt,True
150.93,-61.56,0.0,top,R9,,R_0402_1005Metric,10K,smt,True
135.636,-99.822,180.0,top,SW1,,KEY-SMD_L3.0-W2.5-LS4.0,TD-1183SA-1.5H-250,smt,True
138.98,-94.69,180.0,top,SW2,,KEY-SMD_L3.0-W2.5-LS4.0,TD-1183SA-1.5H-250,smt,True
139.192,-108.966,0.0,top,TP1,,TestPoint_Pad_D1.0mm,VBUSIN,tht,True
156.21,-109.474,0.0,top,TP2,,TestPoint_Pad_D1.0mm,VBUS,tht,True
154.35,-94.86,0.0,top,TP3,,TestPoint_Pad_D1.0mm,+3V3,tht,True
149.5525,-108.875,90.0,top,U1,,SOT-666,USBLC6-2P6,smt,True
141.98,-80.4,90.0,top,U2,,ESP32-S3-WROOM-1,ESP32-S3-WROOM-1,smt,True
146.4325,-100.71,0.0,top,U3,,SOT-23-5,XC6220B331MR-G,smt,True
148.19,-60.96,180.0,top,U4,,Bosch_LGA-8_3x3mm_P0.8mm_ClockwisePinNumbering,BME680,smt,True
